feature,importance
humidity,1.0173539059011785
wind_speed,1.0122176145602655
rainfall,1.0048859059689663
ph,1.0029312247748992
temperature,0.975439239317412
