Year,Month,risk_prob
2029,12,0.021405799314379692
2030,1,0.021391409419236646
2030,2,0.02138959988951683
2030,3,0.02138959988951683
2030,4,0.02138959988951683
2030,5,0.02138959988951683
2030,6,0.02138959988951683
2030,7,0.02138959988951683
2030,8,0.02138959988951683
2030,9,0.02138959988951683
2030,10,0.02138959988951683
2030,11,0.02138959988951683
2030,12,0.02138959988951683
2031,1,0.02138959988951683
2031,2,0.02138959988951683
2031,3,0.02138959988951683
2031,4,0.02138959988951683
2031,5,0.02138959988951683
2031,6,0.02138959988951683
2031,7,0.02138959988951683
2031,8,0.02138959988951683
2031,9,0.02138959988951683
2031,10,0.02138959988951683
2031,11,0.02138959988951683
2031,12,0.02138959988951683
