Year,Month,risk_prob
2025,1,0.007175568971903094
2025,2,0.007209993948760841
2025,3,0.007210044055095603
2025,4,0.007210044407596191
2025,5,0.007210044295436913
2025,6,0.007210044407596191
2025,7,0.007210044295436913
2025,8,0.007210044415607568
2025,9,0.007210044283419847
2025,10,0.007210044295436913
2025,11,0.007210044407596191
2025,12,0.007210044295436913
2026,1,0.007210044415607568
2026,2,0.0072100442568106314
2026,3,0.007210044415607568
2026,4,0.007210044283419847
2026,5,0.007210044415607568
2026,6,0.007210044283419847
2026,7,0.007210044415607568
2026,8,0.007210044295436913
2026,9,0.007210044407596191
2026,10,0.007210044295436913
2026,11,0.007210044407596191
2026,12,0.007210044301159325
