Year,Month,risk_prob
2025,1,0.0032267312053591013
2025,2,0.0032266626367345452
2025,3,0.0032266625804045507
2025,4,0.0032266627609108885
2025,5,0.003226662790703197
2025,6,0.003226662869565189
2025,7,0.0032266628958525197
2025,8,0.0032266628958525197
2025,9,0.003226662869565189
2025,10,0.003226662843277858
2025,11,0.003226662869565189
2025,12,0.003226662843277858
2026,1,0.003226662843277858
2026,2,0.00322666292777285
2026,3,0.003226662843277858
2026,4,0.003226662869565189
2026,5,0.003226662843277858
2026,6,0.003226662869565189
2026,7,0.0032266628958525197
2026,8,0.0032266628958525197
2026,9,0.003226662869565189
2026,10,0.0032266628958525197
2026,11,0.003226662869565189
2026,12,0.003226662753149867
