feature,importance
wind_speed,-0.0009090909090908872
rainfall,-0.001090909090909059
humidity,-0.0018181818181817965
temperature,-0.02309090909090907
ph,-0.02690909090909089
